"Adjust","Calculation","estimate","lb_ci","ub_ci"
"unadjusted","All",1.70042635408875,1.2768817908248,2.1239709173527
"adjusted","All",1.60871054346479,1.12916159941892,2.08825948751067
